Strategy,Total Return (%),Annual Return (%),Annual Volatility (%),Sharpe Ratio,Max Drawdown (%),Win Rate (%),Total Trades
Buy & Hold,143.22757196011042,13.211903462179952,20.100184395122067,0.7183115104236538,-33.92496000265328,54.767184035476724,1804
EMA Crossover,91.91924770067821,9.528413718363659,9.798610810529835,0.9781052002794954,-14.284497287864669,56.27208480565371,1132
SMA Crossover,64.40138090767795,7.187226582311568,9.08416393648367,0.8096675215192307,-12.321628303943127,56.11164581328201,1039
ARIMA+GARCH,18.189914692476084,2.3606679407572884,13.270578714463827,0.24240499257079762,-19.624237482284308,50.70281124497992,996
LSTM Direction,150.32965065677618,13.667726426972514,19.974140746152326,0.7417028071275813,-33.92496000265331,54.994388327721666,1782
ENSEMBLE (Vote),159.2071922615953,14.2221076394907,18.102804039018192,0.8256911912399706,-33.92496000265331,55.527638190954775,1592
