Strategy,Total Return (%),Annual Return (%),Annual Volatility (%),Sharpe Ratio,Max Drawdown (%),Win Rate (%),Total Trades
Buy & Hold,143.22757196011042,13.211903462179952,20.100184395122067,0.7183115104236538,-33.92496000265328,54.767184035476724,1804
EMA Crossover,-5.579757803451901,-0.7983751919168225,20.1206112757112,0.061608814493797445,-49.4003742215953,53.88026607538803,1804
SMA Crossover,-1.6455222432115946,-0.23137803349906338,20.120443152327717,0.08946922234366733,-40.59214500051178,53.65853658536586,1804
ARIMA+GARCH,18.189914692476084,2.3606679407572884,13.270578714463827,0.24240499257079762,-19.624237482284308,50.70281124497992,996
LSTM Direction,150.32965065677618,13.667726426972514,19.974140746152326,0.7417028071275813,-33.92496000265331,54.994388327721666,1782
ENSEMBLE (Vote),27.74556170192801,3.477796642388342,19.08542319415127,0.2749978759233912,-38.19960273003575,54.33596118859915,1649
