Strategy,Total Return (%),Annual Return (%),Annual Volatility (%),Sharpe Ratio,Max Drawdown (%),Win Rate (%),Total Trades
Buy & Hold,420.0559368048355,25.88364676648083,31.503748700845236,0.8882210698057621,-35.9376287880124,53.72222222222223,1800
EMA Crossover,-9.819875319856287,-1.4326853355043023,31.55225072259106,0.11309358955223145,-67.79448599665781,51.11111111111111,1800
SMA Crossover,-38.919145047455885,-6.650984185961873,31.552832328668977,-0.05920139550460623,-69.15285603845604,50.5,1800
ARIMA+GARCH,12.294557911951598,1.6320509203207711,21.27227689209199,0.18325328061398194,-31.998414990242726,50.453172205438065,993
BiLSTM,-0.18764476411762265,-0.026218668365951547,0.0701129302358377,-0.3736471441957652,-0.18764476411762265,0.0,1
ENSEMBLE (Vote),-1.2227528398551568,-0.17161604540020248,31.362128742796642,0.1523881984397602,-59.060188859089735,51.09859154929578,1775
