Strategy,Total Return (%),Annual Return (%),Annual Volatility (%),Sharpe Ratio,Max Drawdown (%),Win Rate (%),Total Trades
Buy & Hold,-100.0,-100.0,42.098309905172435,0.011144794675450587,-100.0,54.736842105263165,1805
EMA Crossover,-100.0,-100.0,42.09093536071467,-0.29729985725050756,-100.0,53.850415512465375,1805
SMA Crossover,-100.0,-100.0,42.091571878563975,-0.28419561224758166,-100.0,53.628808864265935,1805
ARIMA+GARCH,136.37982938495216,12.540232046407507,39.321497072893294,0.4297199799728862,-19.624237482284308,50.752256770310936,997
BiLSTM,0.0,0.0,0.0,0.0,0.0,0.0,0
ENSEMBLE (Vote),-100.0,-100.0,41.69631139535986,-0.2802190347521214,-100.0,53.98633257403189,1756
